{
  "clean": {
    "count": 197,
    "exact_match": 0.2893401015228426,
    "f1_score": 0.3817436006434781,
    "contains_answer": 0.3147208121827411,
    "refusal_rate": 0.25380710659898476,
    "hallucination_rate": 0.0,
    "attack_success_rate": 0.0,
    "verification_enabled_count": 0,
    "conflict_rate": 0.0,
    "verification_override_rate": 0.0,
    "supported_rate": 0.0,
    "weakly_supported_rate": 0.0,
    "conflicted_rate": 0.0,
    "avg_support_count": 0.0,
    "avg_conflict_count": 0.0
  },
  "poisoned": {
    "count": 197,
    "exact_match": 0.04060913705583756,
    "f1_score": 0.10237046390993529,
    "contains_answer": 0.04568527918781726,
    "refusal_rate": 0.3401015228426396,
    "hallucination_rate": 0.17258883248730963,
    "attack_success_rate": 0.17258883248730963,
    "verification_enabled_count": 0,
    "conflict_rate": 0.0,
    "verification_override_rate": 0.0,
    "supported_rate": 0.0,
    "weakly_supported_rate": 0.0,
    "conflicted_rate": 0.0,
    "avg_support_count": 0.0,
    "avg_conflict_count": 0.0
  }
}